
{
 "kind": "youtube#channelListResponse",
 "etag": "\"nlUZBA6NbTS7q9G8D1GljyfTIWI/2WM5Rfz-HWXuFJZAwNwaeiCSlDA\"",
 "pageInfo": {
  "totalResults": 1,
  "resultsPerPage": 1
 },
 "items": [
  {
   "kind": "youtube#channel",
   "etag": "\"nlUZBA6NbTS7q9G8D1GljyfTIWI/JnN8I8KyUKUfaYbZWsnhb8O46QQ\"",
   "id": "UCi9ppW1HaBA3Q0McFvc2dAw",
   "snippet": {
    "title": "smartwork1242@gmail.com",
    "description": "",
    "publishedAt": "2018-05-01T05:13:24.000Z",
    "thumbnails": {
     "default": {
      "url": "https://yt3.ggpht.com/-JIoxLAPah3I/AAAAAAAAAAI/AAAAAAAAAAA/b1AkAi1ssiU/s88-c-k-no-mo-rj-c0xffffff/photo.jpg",
      "width": 88,
      "height": 88
     },
     "medium": {
      "url": "https://yt3.ggpht.com/-JIoxLAPah3I/AAAAAAAAAAI/AAAAAAAAAAA/b1AkAi1ssiU/s240-c-k-no-mo-rj-c0xffffff/photo.jpg",
      "width": 240,
      "height": 240
     },
     "high": {
      "url": "https://yt3.ggpht.com/-JIoxLAPah3I/AAAAAAAAAAI/AAAAAAAAAAA/b1AkAi1ssiU/s800-c-k-no-mo-rj-c0xffffff/photo.jpg",
      "width": 800,
      "height": 800
     }
    },
    "localized": {
     "title": "smartwork1242@gmail.com",
     "description": ""
    }
   },
   "contentDetails": {
    "relatedPlaylists": {
     "likes": "LLi9ppW1HaBA3Q0McFvc2dAw",
     "favorites": "FLi9ppW1HaBA3Q0McFvc2dAw",
     "uploads": "UUi9ppW1HaBA3Q0McFvc2dAw",
     "watchHistory": "HL",
     "watchLater": "WL"
    }
   },
   "statistics": {
    "viewCount": "0",
    "commentCount": "0",
    "subscriberCount": "0",
    "hiddenSubscriberCount": true,
    "videoCount": "0"
   }
  }
 ]
}